postcode,postcode_name,lga_code,lga_name,state_name
2000,2000,17200,Sydney,New South Wales
2007,2007,17200,Sydney,New South Wales
2008,2008,17200,Sydney,New South Wales
2009,2009,17200,Sydney,New South Wales
2010,2010,17200,Sydney,New South Wales
2011,2011,17200,Sydney,New South Wales
2011,2011,19399,Unincorporated NSW,New South Wales
2015,2015,17200,Sydney,New South Wales
2016,2016,17200,Sydney,New South Wales
2017,2017,17200,Sydney,New South Wales
2018,2018,10500,Bayside (NSW),New South Wales
2018,2018,17200,Sydney,New South Wales
2019,2019,10500,Bayside (NSW),New South Wales
2020,2020,10500,Bayside (NSW),New South Wales
2021,2021,17200,Sydney,New South Wales
2021,2021,18500,Woollahra,New South Wales
2021,2021,16550,Randwick,New South Wales
2022,2022,18050,Waverley,New South Wales
2023,2023,18500,Woollahra,New South Wales
2024,2024,18050,Waverley,New South Wales
2025,2025,18500,Woollahra,New South Wales
2026,2026,18050,Waverley,New South Wales
2027,2027,18500,Woollahra,New South Wales
2027,2027,19399,Unincorporated NSW,New South Wales
2028,2028,18500,Woollahra,New South Wales
2029,2029,18050,Waverley,New South Wales
2029,2029,18500,Woollahra,New South Wales
2030,2030,18050,Waverley,New South Wales
2030,2030,18500,Woollahra,New South Wales
2031,2031,16550,Randwick,New South Wales
2032,2032,16550,Randwick,New South Wales
2032,2032,10500,Bayside (NSW),New South Wales
2033,2033,16550,Randwick,New South Wales
2034,2034,16550,Randwick,New South Wales
2035,2035,16550,Randwick,New South Wales
2035,2035,10500,Bayside (NSW),New South Wales
2036,2036,16550,Randwick,New South Wales
2036,2036,10500,Bayside (NSW),New South Wales
2037,2037,17200,Sydney,New South Wales
2038,2038,14170,Inner West,New South Wales
2038,2038,17200,Sydney,New South Wales
2039,2039,14170,Inner West,New South Wales
2040,2040,14170,Inner West,New South Wales
2041,2041,14170,Inner West,New South Wales
2041,2041,19399,Unincorporated NSW,New South Wales
2042,2042,17200,Sydney,New South Wales
2042,2042,14170,Inner West,New South Wales
2043,2043,17200,Sydney,New South Wales
2044,2044,14170,Inner West,New South Wales
2044,2044,17200,Sydney,New South Wales
2045,2045,14170,Inner West,New South Wales
2046,2046,11520,Canada Bay,New South Wales
2047,2047,11520,Canada Bay,New South Wales
2048,2048,14170,Inner West,New South Wales
2049,2049,14170,Inner West,New South Wales
2050,2050,14170,Inner West,New South Wales
2050,2050,17200,Sydney,New South Wales
2060,2060,15950,North Sydney,New South Wales
2061,2061,15950,North Sydney,New South Wales
2062,2062,15950,North Sydney,New South Wales
2063,2063,18250,Willoughby,New South Wales
2064,2064,18250,Willoughby,New South Wales
2065,2065,14700,Lane Cove,New South Wales
2065,2065,15950,North Sydney,New South Wales
2065,2065,18250,Willoughby,New South Wales
2066,2066,14700,Lane Cove,New South Wales
2066,2066,18250,Willoughby,New South Wales
2067,2067,18250,Willoughby,New South Wales
2067,2067,16700,Ryde,New South Wales
2068,2068,18250,Willoughby,New South Wales
2069,2069,14500,Ku-ring-gai,New South Wales
2069,2069,18250,Willoughby,New South Wales
2070,2070,14500,Ku-ring-gai,New South Wales
2071,2071,14500,Ku-ring-gai,New South Wales
2072,2072,14500,Ku-ring-gai,New South Wales
2073,2073,14500,Ku-ring-gai,New South Wales
2074,2074,14500,Ku-ring-gai,New South Wales
2075,2075,14500,Ku-ring-gai,New South Wales
2076,2076,14500,Ku-ring-gai,New South Wales
2076,2076,14000,Hornsby,New South Wales
2077,2077,14000,Hornsby,New South Wales
2079,2079,14000,Hornsby,New South Wales
2080,2080,14000,Hornsby,New South Wales
2081,2081,14000,Hornsby,New South Wales
2082,2082,14000,Hornsby,New South Wales
2083,2083,14000,Hornsby,New South Wales
2083,2083,11650,Central Coast (NSW),New South Wales
2084,2084,15990,Northern Beaches,New South Wales
2085,2085,15990,Northern Beaches,New South Wales
2086,2086,15990,Northern Beaches,New South Wales
2087,2087,15990,Northern Beaches,New South Wales
2088,2088,15350,Mosman,New South Wales
2089,2089,15950,North Sydney,New South Wales
2090,2090,15950,North Sydney,New South Wales
2092,2092,15990,Northern Beaches,New South Wales
2093,2093,15990,Northern Beaches,New South Wales
2094,2094,15990,Northern Beaches,New South Wales
2095,2095,15990,Northern Beaches,New South Wales
2096,2096,15990,Northern Beaches,New South Wales
2097,2097,15990,Northern Beaches,New South Wales
2099,2099,15990,Northern Beaches,New South Wales
2100,2100,15990,Northern Beaches,New South Wales
2101,2101,15990,Northern Beaches,New South Wales
2102,2102,15990,Northern Beaches,New South Wales
2103,2103,15990,Northern Beaches,New South Wales
2104,2104,15990,Northern Beaches,New South Wales
2105,2105,15990,Northern Beaches,New South Wales
2106,2106,15990,Northern Beaches,New South Wales
2107,2107,15990,Northern Beaches,New South Wales
2108,2108,15990,Northern Beaches,New South Wales
2110,2110,14100,Hunters Hill,New South Wales
2110,2110,14170,Inner West,New South Wales
2111,2111,16700,Ryde,New South Wales
2111,2111,14100,Hunters Hill,New South Wales
2112,2112,16700,Ryde,New South Wales
2113,2113,16700,Ryde,New South Wales
2114,2114,16700,Ryde,New South Wales
2114,2114,16260,Parramatta,New South Wales
2115,2115,16260,Parramatta,New South Wales
2116,2116,16260,Parramatta,New South Wales
2117,2117,16260,Parramatta,New South Wales
2118,2118,16260,Parramatta,New South Wales
2118,2118,17420,The Hills,New South Wales
2119,2119,16260,Parramatta,New South Wales
2119,2119,14000,Hornsby,New South Wales
2120,2120,14000,Hornsby,New South Wales
2121,2121,16260,Parramatta,New South Wales
2121,2121,14000,Hornsby,New South Wales
2122,2122,16700,Ryde,New South Wales
2122,2122,16260,Parramatta,New South Wales
2125,2125,17420,The Hills,New South Wales
2125,2125,14000,Hornsby,New South Wales
2126,2126,14000,Hornsby,New South Wales
2127,2127,16260,Parramatta,New South Wales
2127,2127,11520,Canada Bay,New South Wales
2128,2128,16260,Parramatta,New South Wales
2130,2130,14170,Inner West,New South Wales
2131,2131,14170,Inner West,New South Wales
2132,2132,14170,Inner West,New South Wales
2132,2132,11300,Burwood,New South Wales
2133,2133,11300,Burwood,New South Wales
2133,2133,11570,Canterbury-Bankstown,New South Wales
2133,2133,14170,Inner West,New South Wales
2134,2134,11300,Burwood,New South Wales
2135,2135,11300,Burwood,New South Wales
2135,2135,17100,Strathfield,New South Wales
2135,2135,11520,Canada Bay,New South Wales
2136,2136,17100,Strathfield,New South Wales
2136,2136,11300,Burwood,New South Wales
2137,2137,11520,Canada Bay,New South Wales
2138,2138,11520,Canada Bay,New South Wales
2140,2140,17100,Strathfield,New South Wales
2140,2140,11520,Canada Bay,New South Wales
2141,2141,12380,Cumberland,New South Wales
2141,2141,16260,Parramatta,New South Wales
2142,2142,16260,Parramatta,New South Wales
2142,2142,12380,Cumberland,New South Wales
2143,2143,11570,Canterbury-Bankstown,New South Wales
2143,2143,12380,Cumberland,New South Wales
2144,2144,12380,Cumberland,New South Wales
2145,2145,12380,Cumberland,New South Wales
2145,2145,16260,Parramatta,New South Wales
2146,2146,16260,Parramatta,New South Wales
2146,2146,12380,Cumberland,New South Wales
2146,2146,10750,Blacktown,New South Wales
2147,2147,10750,Blacktown,New South Wales
2147,2147,16260,Parramatta,New South Wales
2148,2148,10750,Blacktown,New South Wales
2150,2150,16260,Parramatta,New South Wales
2151,2151,16260,Parramatta,New South Wales
2151,2151,17420,The Hills,New South Wales
2152,2152,16260,Parramatta,New South Wales
2153,2153,17420,The Hills,New South Wales
2153,2153,16260,Parramatta,New South Wales
2154,2154,17420,The Hills,New South Wales
2154,2154,14000,Hornsby,New South Wales
2155,2155,17420,The Hills,New South Wales
2155,2155,10750,Blacktown,New South Wales
2156,2156,17420,The Hills,New South Wales
2156,2156,14000,Hornsby,New South Wales
2157,2157,17420,The Hills,New South Wales
2157,2157,14000,Hornsby,New South Wales
2158,2158,14000,Hornsby,New South Wales
2158,2158,17420,The Hills,New South Wales
2159,2159,14000,Hornsby,New South Wales
2160,2160,12380,Cumberland,New South Wales
2160,2160,16260,Parramatta,New South Wales
2161,2161,12380,Cumberland,New South Wales
2161,2161,12850,Fairfield,New South Wales
2162,2162,12380,Cumberland,New South Wales
2162,2162,11570,Canterbury-Bankstown,New South Wales
2163,2163,11570,Canterbury-Bankstown,New South Wales
2163,2163,12850,Fairfield,New South Wales
2164,2164,12380,Cumberland,New South Wales
2164,2164,12850,Fairfield,New South Wales
2165,2165,12850,Fairfield,New South Wales
2165,2165,12380,Cumberland,New South Wales
2166,2166,12850,Fairfield,New South Wales
2167,2167,11500,Campbelltown (NSW),New South Wales
2168,2168,14900,Liverpool,New South Wales
2170,2170,14900,Liverpool,New South Wales
2170,2170,12850,Fairfield,New South Wales
2171,2171,14900,Liverpool,New South Wales
2172,2172,14900,Liverpool,New South Wales
2172,2172,17150,Sutherland,New South Wales
2173,2173,14900,Liverpool,New South Wales
2173,2173,17150,Sutherland,New South Wales
2173,2173,11500,Campbelltown (NSW),New South Wales
2174,2174,14900,Liverpool,New South Wales
2175,2175,12850,Fairfield,New South Wales
2176,2176,12850,Fairfield,New South Wales
2177,2177,12850,Fairfield,New South Wales
2178,2178,16350,Penrith,New South Wales
2178,2178,12850,Fairfield,New South Wales
2178,2178,14900,Liverpool,New South Wales
2179,2179,14900,Liverpool,New South Wales
2179,2179,11450,Camden,New South Wales
2190,2190,11570,Canterbury-Bankstown,New South Wales
2190,2190,17100,Strathfield,New South Wales
2191,2191,11570,Canterbury-Bankstown,New South Wales
2191,2191,17100,Strathfield,New South Wales
2192,2192,11570,Canterbury-Bankstown,New South Wales
2193,2193,11570,Canterbury-Bankstown,New South Wales
2193,2193,14170,Inner West,New South Wales
2194,2194,11570,Canterbury-Bankstown,New South Wales
2195,2195,11570,Canterbury-Bankstown,New South Wales
2196,2196,11570,Canterbury-Bankstown,New South Wales
2197,2197,11570,Canterbury-Bankstown,New South Wales
2198,2198,11570,Canterbury-Bankstown,New South Wales
2199,2199,11570,Canterbury-Bankstown,New South Wales
2200,2200,11570,Canterbury-Bankstown,New South Wales
2203,2203,14170,Inner West,New South Wales
2204,2204,14170,Inner West,New South Wales
2205,2205,10500,Bayside (NSW),New South Wales
2206,2206,11570,Canterbury-Bankstown,New South Wales
2207,2207,10500,Bayside (NSW),New South Wales
2208,2208,11570,Canterbury-Bankstown,New South Wales
2208,2208,10500,Bayside (NSW),New South Wales
2208,2208,12930,Georges River,New South Wales
2209,2209,12930,Georges River,New South Wales
2209,2209,11570,Canterbury-Bankstown,New South Wales
2210,2210,12930,Georges River,New South Wales
2210,2210,11570,Canterbury-Bankstown,New South Wales
2211,2211,11570,Canterbury-Bankstown,New South Wales
2212,2212,11570,Canterbury-Bankstown,New South Wales
2213,2213,11570,Canterbury-Bankstown,New South Wales
2214,2214,11570,Canterbury-Bankstown,New South Wales
2216,2216,10500,Bayside (NSW),New South Wales
2217,2217,12930,Georges River,New South Wales
2217,2217,10500,Bayside (NSW),New South Wales
2218,2218,12930,Georges River,New South Wales
2218,2218,10500,Bayside (NSW),New South Wales
2219,2219,10500,Bayside (NSW),New South Wales
2219,2219,12930,Georges River,New South Wales
2220,2220,12930,Georges River,New South Wales
2221,2221,12930,Georges River,New South Wales
2222,2222,12930,Georges River,New South Wales
2223,2223,12930,Georges River,New South Wales
2224,2224,17150,Sutherland,New South Wales
2225,2225,17150,Sutherland,New South Wales
2226,2226,17150,Sutherland,New South Wales
2227,2227,17150,Sutherland,New South Wales
2228,2228,17150,Sutherland,New South Wales
2229,2229,17150,Sutherland,New South Wales
2230,2230,17150,Sutherland,New South Wales
2231,2231,17150,Sutherland,New South Wales
2232,2232,17150,Sutherland,New South Wales
2233,2233,17150,Sutherland,New South Wales
2234,2234,17150,Sutherland,New South Wales
2250,2250,11650,Central Coast (NSW),New South Wales
2250,2250,11720,Cessnock,New South Wales
2250,2250,13800,Hawkesbury,New South Wales
2251,2251,11650,Central Coast (NSW),New South Wales
2256,2256,11650,Central Coast (NSW),New South Wales
2257,2257,11650,Central Coast (NSW),New South Wales
2258,2258,11650,Central Coast (NSW),New South Wales
2259,2259,11650,Central Coast (NSW),New South Wales
2259,2259,14650,Lake Macquarie,New South Wales
2260,2260,11650,Central Coast (NSW),New South Wales
2261,2261,11650,Central Coast (NSW),New South Wales
2262,2262,11650,Central Coast (NSW),New South Wales
2263,2263,11650,Central Coast (NSW),New South Wales
2264,2264,14650,Lake Macquarie,New South Wales
2265,2265,14650,Lake Macquarie,New South Wales
2267,2267,14650,Lake Macquarie,New South Wales
2278,2278,14650,Lake Macquarie,New South Wales
2280,2280,14650,Lake Macquarie,New South Wales
2281,2281,14650,Lake Macquarie,New South Wales
2282,2282,14650,Lake Macquarie,New South Wales
2283,2283,14650,Lake Macquarie,New South Wales
2284,2284,14650,Lake Macquarie,New South Wales
2285,2285,14650,Lake Macquarie,New South Wales
2286,2286,14650,Lake Macquarie,New South Wales
2287,2287,15900,Newcastle,New South Wales
2287,2287,14650,Lake Macquarie,New South Wales
2289,2289,15900,Newcastle,New South Wales
2289,2289,14650,Lake Macquarie,New South Wales
2290,2290,14650,Lake Macquarie,New South Wales
2291,2291,15900,Newcastle,New South Wales
2292,2292,15900,Newcastle,New South Wales
2293,2293,15900,Newcastle,New South Wales
2294,2294,15900,Newcastle,New South Wales
2295,2295,15900,Newcastle,New South Wales
2295,2295,16400,Port Stephens,New South Wales
2296,2296,15900,Newcastle,New South Wales
2297,2297,15900,Newcastle,New South Wales
2298,2298,15900,Newcastle,New South Wales
2299,2299,15900,Newcastle,New South Wales
2300,2300,15900,Newcastle,New South Wales
2302,2302,15900,Newcastle,New South Wales
2303,2303,15900,Newcastle,New South Wales
2304,2304,15900,Newcastle,New South Wales
2305,2305,15900,Newcastle,New South Wales
2305,2305,14650,Lake Macquarie,New South Wales
2306,2306,14650,Lake Macquarie,New South Wales
2307,2307,15900,Newcastle,New South Wales
2308,2308,15900,Newcastle,New South Wales
2311,2311,12700,Dungog,New South Wales
2312,2312,15240,Mid-Coast,New South Wales
2315,2315,16400,Port Stephens,New South Wales
2316,2316,16400,Port Stephens,New South Wales
2317,2317,16400,Port Stephens,New South Wales
2318,2318,16400,Port Stephens,New South Wales
2319,2319,16400,Port Stephens,New South Wales
2320,2320,15050,Maitland,New South Wales
2320,2320,11720,Cessnock,New South Wales
2320,2320,17000,Singleton,New South Wales
2320,2320,16400,Port Stephens,New South Wales
2320,2320,12700,Dungog,New South Wales
2321,2321,15050,Maitland,New South Wales
2321,2321,11720,Cessnock,New South Wales
2321,2321,12700,Dungog,New South Wales
2321,2321,16400,Port Stephens,New South Wales
2322,2322,15900,Newcastle,New South Wales
2322,2322,15050,Maitland,New South Wales
2322,2322,11720,Cessnock,New South Wales
2322,2322,16400,Port Stephens,New South Wales
2323,2323,15050,Maitland,New South Wales
2323,2323,11720,Cessnock,New South Wales
2323,2323,14650,Lake Macquarie,New South Wales
2324,2324,16400,Port Stephens,New South Wales
2324,2324,15240,Mid-Coast,New South Wales
2324,2324,15050,Maitland,New South Wales
2325,2325,11720,Cessnock,New South Wales
2325,2325,17000,Singleton,New South Wales
2326,2326,11720,Cessnock,New South Wales
2326,2326,15050,Maitland,New South Wales
2327,2327,11720,Cessnock,New South Wales
2328,2328,15650,Muswellbrook,New South Wales
2329,2329,17620,Upper Hunter,New South Wales
2329,2329,18020,Warrumbungle,New South Wales
2330,2330,17000,Singleton,New South Wales
2330,2330,13800,Hawkesbury,New South Wales
2330,2330,14870,Lithgow,New South Wales
2330,2330,15650,Muswellbrook,New South Wales
2331,2331,17000,Singleton,New South Wales
2333,2333,15650,Muswellbrook,New South Wales
2333,2333,17620,Upper Hunter,New South Wales
2333,2333,17000,Singleton,New South Wales
2334,2334,11720,Cessnock,New South Wales
2334,2334,15050,Maitland,New South Wales
2335,2335,11720,Cessnock,New South Wales
2335,2335,17000,Singleton,New South Wales
2335,2335,15050,Maitland,New South Wales
2336,2336,17620,Upper Hunter,New South Wales
2336,2336,15650,Muswellbrook,New South Wales
2337,2337,17620,Upper Hunter,New South Wales
2337,2337,15240,Mid-Coast,New South Wales
2338,2338,17620,Upper Hunter,New South Wales
2338,2338,14920,Liverpool Plains,New South Wales
2338,2338,17310,Tamworth,New South Wales
2339,2339,14920,Liverpool Plains,New South Wales
2340,2340,17310,Tamworth,New South Wales
2340,2340,13550,Gunnedah,New South Wales
2340,2340,17620,Upper Hunter,New South Wales
2340,2340,14920,Liverpool Plains,New South Wales
2341,2341,14920,Liverpool Plains,New South Wales
2342,2342,14920,Liverpool Plains,New South Wales
2342,2342,13550,Gunnedah,New South Wales
2343,2343,14920,Liverpool Plains,New South Wales
2343,2343,13550,Gunnedah,New South Wales
2344,2344,17310,Tamworth,New South Wales
2345,2345,17310,Tamworth,New South Wales
2346,2346,17310,Tamworth,New South Wales
2347,2347,17310,Tamworth,New South Wales
2347,2347,13660,Gwydir,New South Wales
2350,2350,10180,Armidale,New South Wales
2350,2350,17650,Uralla,New South Wales
2352,2352,17310,Tamworth,New South Wales
2353,2353,17310,Tamworth,New South Wales
2354,2354,17850,Walcha,New South Wales
2354,2354,17310,Tamworth,New South Wales
2354,2354,17650,Uralla,New South Wales
2354,2354,17620,Upper Hunter,New South Wales
2355,2355,17310,Tamworth,New South Wales
2356,2356,15750,Narrabri,New South Wales
2357,2357,18020,Warrumbungle,New South Wales
2358,2358,17650,Uralla,New South Wales
2359,2359,17650,Uralla,New South Wales
2359,2359,13660,Gwydir,New South Wales
2359,2359,17310,Tamworth,New South Wales
2359,2359,14220,Inverell,New South Wales
2360,2360,14220,Inverell,New South Wales
2360,2360,13660,Gwydir,New South Wales
2361,2361,14220,Inverell,New South Wales
2365,2365,10180,Armidale,New South Wales
2365,2365,14220,Inverell,New South Wales
2365,2365,13010,Glen Innes Severn,New South Wales
2365,2365,11730,Clarence Valley,New South Wales
2365,2365,17650,Uralla,New South Wales
2369,2369,14220,Inverell,New South Wales
2369,2369,10180,Armidale,New South Wales
2370,2370,13010,Glen Innes Severn,New South Wales
2370,2370,11730,Clarence Valley,New South Wales
2370,2370,14220,Inverell,New South Wales
2370,2370,10180,Armidale,New South Wales
2371,2371,13010,Glen Innes Severn,New South Wales
2371,2371,17400,Tenterfield,New South Wales
2371,2371,14220,Inverell,New South Wales
2372,2372,17400,Tenterfield,New South Wales
2379,2379,13550,Gunnedah,New South Wales
2379,2379,18020,Warrumbungle,New South Wales
2380,2380,13550,Gunnedah,New South Wales
2381,2381,13550,Gunnedah,New South Wales
2381,2381,18020,Warrumbungle,New South Wales
2381,2381,14920,Liverpool Plains,New South Wales
2382,2382,15750,Narrabri,New South Wales
2382,2382,13550,Gunnedah,New South Wales
2386,2386,17900,Walgett,New South Wales
2386,2386,15750,Narrabri,New South Wales
2387,2387,17900,Walgett,New South Wales
2387,2387,15750,Narrabri,New South Wales
2387,2387,15300,Moree Plains,New South Wales
2388,2388,15750,Narrabri,New South Wales
2388,2388,17900,Walgett,New South Wales
2388,2388,13550,Gunnedah,New South Wales
2388,2388,12150,Coonamble,New South Wales
2390,2390,13660,Gwydir,New South Wales
2390,2390,15750,Narrabri,New South Wales
2390,2390,15300,Moree Plains,New South Wales
2395,2395,18020,Warrumbungle,New South Wales
2396,2396,18020,Warrumbungle,New South Wales
2397,2397,15750,Narrabri,New South Wales
2397,2397,15300,Moree Plains,New South Wales
2398,2398,15300,Moree Plains,New South Wales
2399,2399,13660,Gwydir,New South Wales
2399,2399,15300,Moree Plains,New South Wales
2400,2400,15300,Moree Plains,New South Wales
2400,2400,13660,Gwydir,New South Wales
2401,2401,13660,Gwydir,New South Wales
2401,2401,15300,Moree Plains,New South Wales
2402,2402,13660,Gwydir,New South Wales
2403,2403,13660,Gwydir,New South Wales
2403,2403,14220,Inverell,New South Wales
2404,2404,13660,Gwydir,New South Wales
2405,2405,15300,Moree Plains,New South Wales
2406,2406,15300,Moree Plains,New South Wales
2408,2408,13660,Gwydir,New South Wales
2409,2409,15300,Moree Plains,New South Wales
2409,2409,13660,Gwydir,New South Wales
2410,2410,14220,Inverell,New South Wales
2411,2411,13660,Gwydir,New South Wales
2411,2411,15300,Moree Plains,New South Wales
2415,2415,15240,Mid-Coast,New South Wales
2420,2420,12700,Dungog,New South Wales
2421,2421,12700,Dungog,New South Wales
2421,2421,15050,Maitland,New South Wales
2422,2422,15240,Mid-Coast,New South Wales
2423,2423,15240,Mid-Coast,New South Wales
2424,2424,15240,Mid-Coast,New South Wales
2425,2425,15240,Mid-Coast,New South Wales
2426,2426,15240,Mid-Coast,New South Wales
2427,2427,15240,Mid-Coast,New South Wales
2428,2428,15240,Mid-Coast,New South Wales
2429,2429,15240,Mid-Coast,New South Wales
2429,2429,16380,Port Macquarie-Hastings,New South Wales
2430,2430,15240,Mid-Coast,New South Wales
2431,2431,14350,Kempsey,New South Wales
2439,2439,16380,Port Macquarie-Hastings,New South Wales
2440,2440,14350,Kempsey,New South Wales
2440,2440,10180,Armidale,New South Wales
2440,2440,16380,Port Macquarie-Hastings,New South Wales
2441,2441,14350,Kempsey,New South Wales
2441,2441,16380,Port Macquarie-Hastings,New South Wales
2441,2441,15700,Nambucca Valley,New South Wales
2443,2443,16380,Port Macquarie-Hastings,New South Wales
2443,2443,15240,Mid-Coast,New South Wales
2444,2444,16380,Port Macquarie-Hastings,New South Wales
2445,2445,16380,Port Macquarie-Hastings,New South Wales
2446,2446,16380,Port Macquarie-Hastings,New South Wales
2447,2447,15700,Nambucca Valley,New South Wales
2448,2448,10600,Bellingen,New South Wales
2448,2448,15700,Nambucca Valley,New South Wales
2449,2449,15700,Nambucca Valley,New South Wales
2449,2449,10600,Bellingen,New South Wales
2450,2450,11800,Coffs Harbour,New South Wales
2450,2450,11730,Clarence Valley,New South Wales
2452,2452,11800,Coffs Harbour,New South Wales
2453,2453,10600,Bellingen,New South Wales
2453,2453,11730,Clarence Valley,New South Wales
2453,2453,10180,Armidale,New South Wales
2454,2454,10600,Bellingen,New South Wales
2454,2454,15700,Nambucca Valley,New South Wales
2454,2454,11800,Coffs Harbour,New South Wales
2455,2455,10600,Bellingen,New South Wales
2456,2456,11800,Coffs Harbour,New South Wales
2460,2460,11730,Clarence Valley,New South Wales
2460,2460,11800,Coffs Harbour,New South Wales
2460,2460,16610,Richmond Valley,New South Wales
2460,2460,13010,Glen Innes Severn,New South Wales
2462,2462,11730,Clarence Valley,New South Wales
2463,2463,11730,Clarence Valley,New South Wales
2464,2464,11730,Clarence Valley,New South Wales
2465,2465,11730,Clarence Valley,New South Wales
2466,2466,11730,Clarence Valley,New South Wales
2469,2469,11730,Clarence Valley,New South Wales
2469,2469,14550,Kyogle,New South Wales
2469,2469,17400,Tenterfield,New South Wales
2469,2469,16610,Richmond Valley,New South Wales
2470,2470,16610,Richmond Valley,New South Wales
2470,2470,14550,Kyogle,New South Wales
2470,2470,14850,Lismore,New South Wales
2471,2471,16610,Richmond Valley,New South Wales
2471,2471,14850,Lismore,New South Wales
2472,2472,16610,Richmond Valley,New South Wales
2472,2472,14850,Lismore,New South Wales
2472,2472,11730,Clarence Valley,New South Wales
2473,2473,16610,Richmond Valley,New South Wales
2474,2474,14550,Kyogle,New South Wales
2475,2475,17400,Tenterfield,New South Wales
2475,2475,14550,Kyogle,New South Wales
2476,2476,14550,Kyogle,New South Wales
2476,2476,17400,Tenterfield,New South Wales
2477,2477,10250,Ballina,New South Wales
2477,2477,14850,Lismore,New South Wales
2478,2478,10250,Ballina,New South Wales
2479,2479,11350,Byron,New South Wales
2479,2479,10250,Ballina,New South Wales
2480,2480,14850,Lismore,New South Wales
2480,2480,11350,Byron,New South Wales
2480,2480,14550,Kyogle,New South Wales
2480,2480,10250,Ballina,New South Wales
2480,2480,16610,Richmond Valley,New South Wales
2481,2481,11350,Byron,New South Wales
2481,2481,10250,Ballina,New South Wales
2482,2482,11350,Byron,New South Wales
2483,2483,11350,Byron,New South Wales
2483,2483,17550,Tweed,New South Wales
2484,2484,17550,Tweed,New South Wales
2485,2485,17550,Tweed,New South Wales
2486,2486,17550,Tweed,New South Wales
2487,2487,17550,Tweed,New South Wales
2488,2488,17550,Tweed,New South Wales
2489,2489,17550,Tweed,New South Wales
2490,2490,17550,Tweed,New South Wales
2500,2500,18450,Wollongong,New South Wales
2502,2502,18450,Wollongong,New South Wales
2505,2505,18450,Wollongong,New South Wales
2506,2506,18450,Wollongong,New South Wales
2508,2508,18450,Wollongong,New South Wales
2508,2508,18400,Wollondilly,New South Wales
2508,2508,17150,Sutherland,New South Wales
2508,2508,11500,Campbelltown (NSW),New South Wales
2515,2515,18450,Wollongong,New South Wales
2516,2516,18450,Wollongong,New South Wales
2517,2517,18450,Wollongong,New South Wales
2518,2518,18450,Wollongong,New South Wales
2519,2519,18450,Wollongong,New South Wales
2525,2525,18450,Wollongong,New South Wales
2526,2526,18450,Wollongong,New South Wales
2527,2527,16900,Shellharbour,New South Wales
2527,2527,14400,Kiama,New South Wales
2528,2528,16900,Shellharbour,New South Wales
2528,2528,18450,Wollongong,New South Wales
2529,2529,16900,Shellharbour,New South Wales
2530,2530,18450,Wollongong,New South Wales
2533,2533,14400,Kiama,New South Wales
2534,2534,14400,Kiama,New South Wales
2535,2535,16950,Shoalhaven,New South Wales
2535,2535,14400,Kiama,New South Wales
2536,2536,12750,Eurobodalla,New South Wales
2536,2536,16950,Shoalhaven,New South Wales
2537,2537,12750,Eurobodalla,New South Wales
2538,2538,16950,Shoalhaven,New South Wales
2539,2539,16950,Shoalhaven,New South Wales
2540,2540,16950,Shoalhaven,New South Wales
2541,2541,16950,Shoalhaven,New South Wales
2545,2545,12750,Eurobodalla,New South Wales
2546,2546,10550,Bega Valley,New South Wales
2546,2546,12750,Eurobodalla,New South Wales
2546,2546,17040,Snowy Monaro,New South Wales
2548,2548,10550,Bega Valley,New South Wales
2549,2549,10550,Bega Valley,New South Wales
2550,2550,10550,Bega Valley,New South Wales
2550,2550,12750,Eurobodalla,New South Wales
2551,2551,10550,Bega Valley,New South Wales
2551,2551,17040,Snowy Monaro,New South Wales
2555,2555,14900,Liverpool,New South Wales
2555,2555,16350,Penrith,New South Wales
2556,2556,14900,Liverpool,New South Wales
2556,2556,11450,Camden,New South Wales
2557,2557,11450,Camden,New South Wales
2557,2557,14900,Liverpool,New South Wales
2558,2558,11500,Campbelltown (NSW),New South Wales
2559,2559,11500,Campbelltown (NSW),New South Wales
2560,2560,11500,Campbelltown (NSW),New South Wales
2560,2560,18400,Wollondilly,New South Wales
2560,2560,18450,Wollongong,New South Wales
2563,2563,11500,Campbelltown (NSW),New South Wales
2564,2564,11500,Campbelltown (NSW),New South Wales
2565,2565,11500,Campbelltown (NSW),New South Wales
2565,2565,14900,Liverpool,New South Wales
2566,2566,11500,Campbelltown (NSW),New South Wales
2567,2567,11450,Camden,New South Wales
2567,2567,11500,Campbelltown (NSW),New South Wales
2568,2568,18400,Wollondilly,New South Wales
2569,2569,18400,Wollondilly,New South Wales
2570,2570,11450,Camden,New South Wales
2570,2570,18400,Wollondilly,New South Wales
2571,2571,18400,Wollondilly,New South Wales
2571,2571,18350,Wingecarribee,New South Wales
2572,2572,18400,Wollondilly,New South Wales
2573,2573,18400,Wollondilly,New South Wales
2574,2574,18400,Wollondilly,New South Wales
2574,2574,18450,Wollongong,New South Wales
2574,2574,18350,Wingecarribee,New South Wales
2575,2575,18350,Wingecarribee,New South Wales
2576,2576,18350,Wingecarribee,New South Wales
2577,2577,18350,Wingecarribee,New South Wales
2577,2577,14400,Kiama,New South Wales
2577,2577,16950,Shoalhaven,New South Wales
2577,2577,16900,Shellharbour,New South Wales
2578,2578,18350,Wingecarribee,New South Wales
2579,2579,18350,Wingecarribee,New South Wales
2579,2579,17640,Upper Lachlan,New South Wales
2579,2579,13310,Goulburn Mulwaree,New South Wales
2580,2580,13310,Goulburn Mulwaree,New South Wales
2580,2580,17640,Upper Lachlan,New South Wales
2580,2580,16490,Queanbeyan-Palerang,New South Wales
2580,2580,18350,Wingecarribee,New South Wales
2580,2580,16100,Oberon,New South Wales
2581,2581,17640,Upper Lachlan,New South Wales
2581,2581,16490,Queanbeyan-Palerang,New South Wales
2581,2581,13310,Goulburn Mulwaree,New South Wales
2581,2581,18710,Yass Valley,New South Wales
2582,2582,18710,Yass Valley,New South Wales
2582,2582,13910,Hilltops,New South Wales
2582,2582,17640,Upper Lachlan,New South Wales
2583,2583,13910,Hilltops,New South Wales
2583,2583,17640,Upper Lachlan,New South Wales
2584,2584,18710,Yass Valley,New South Wales
2585,2585,13910,Hilltops,New South Wales
2586,2586,13910,Hilltops,New South Wales
2587,2587,13910,Hilltops,New South Wales
2588,2588,12160,Cootamundra-Gundagai,New South Wales
2590,2590,12160,Cootamundra-Gundagai,New South Wales
2590,2590,14300,Junee,New South Wales
2594,2594,13910,Hilltops,New South Wales
2594,2594,12160,Cootamundra-Gundagai,New South Wales
2594,2594,18100,Weddin,New South Wales
2611,2611,17080,Snowy Valleys,New South Wales
2611,2611,18710,Yass Valley,New South Wales
2618,2618,18710,Yass Valley,New South Wales
2619,2619,16490,Queanbeyan-Palerang,New South Wales
2620,2620,16490,Queanbeyan-Palerang,New South Wales
2620,2620,18710,Yass Valley,New South Wales
2620,2620,17040,Snowy Monaro,New South Wales
2621,2621,16490,Queanbeyan-Palerang,New South Wales
2621,2621,17040,Snowy Monaro,New South Wales
2621,2621,18710,Yass Valley,New South Wales
2622,2622,16490,Queanbeyan-Palerang,New South Wales
2622,2622,12750,Eurobodalla,New South Wales
2622,2622,17040,Snowy Monaro,New South Wales
2622,2622,16950,Shoalhaven,New South Wales
2623,2623,16490,Queanbeyan-Palerang,New South Wales
2624,2624,17040,Snowy Monaro,New South Wales
2625,2625,17040,Snowy Monaro,New South Wales
2626,2626,17040,Snowy Monaro,New South Wales
2627,2627,17040,Snowy Monaro,New South Wales
2627,2627,17080,Snowy Valleys,New South Wales
2628,2628,17040,Snowy Monaro,New South Wales
2629,2629,17040,Snowy Monaro,New South Wales
2629,2629,17080,Snowy Valleys,New South Wales
2630,2630,17040,Snowy Monaro,New South Wales
2631,2631,17040,Snowy Monaro,New South Wales
2631,2631,10550,Bega Valley,New South Wales
2632,2632,17040,Snowy Monaro,New South Wales
2632,2632,10550,Bega Valley,New South Wales
2633,2633,17040,Snowy Monaro,New South Wales
2640,2640,10050,Albury,New South Wales
2640,2640,13340,Greater Hume,New South Wales
2640,2640,17080,Snowy Valleys,New South Wales
2641,2641,10050,Albury,New South Wales
2642,2642,13340,Greater Hume,New South Wales
2642,2642,12870,Federation,New South Wales
2642,2642,17080,Snowy Valleys,New South Wales
2642,2642,14950,Lockhart,New South Wales
2643,2643,12870,Federation,New South Wales
2644,2644,13340,Greater Hume,New South Wales
2645,2645,12870,Federation,New South Wales
2645,2645,14950,Lockhart,New South Wales
2646,2646,12870,Federation,New South Wales
2646,2646,15560,Murrumbidgee,New South Wales
2646,2646,10650,Berrigan,New South Wales
2646,2646,13340,Greater Hume,New South Wales
2647,2647,12870,Federation,New South Wales
2647,2647,10650,Berrigan,New South Wales
2648,2648,18200,Wentworth,New South Wales
2648,2648,19399,Unincorporated NSW,New South Wales
2649,2649,17080,Snowy Valleys,New South Wales
2650,2650,17750,Wagga Wagga,New South Wales
2650,2650,14300,Junee,New South Wales
2650,2650,13340,Greater Hume,New South Wales
2650,2650,15800,Narrandera,New South Wales
2651,2651,17750,Wagga Wagga,New South Wales
2652,2652,12000,Coolamon,New South Wales
2652,2652,14950,Lockhart,New South Wales
2652,2652,11600,Carrathool,New South Wales
2652,2652,15800,Narrandera,New South Wales
2652,2652,17750,Wagga Wagga,New South Wales
2652,2652,13340,Greater Hume,New South Wales
2652,2652,12870,Federation,New South Wales
2652,2652,13450,Griffith,New South Wales
2652,2652,14300,Junee,New South Wales
2652,2652,17080,Snowy Valleys,New South Wales
2653,2653,17080,Snowy Valleys,New South Wales
2655,2655,14950,Lockhart,New South Wales
2655,2655,17750,Wagga Wagga,New South Wales
2656,2656,14950,Lockhart,New South Wales
2656,2656,17750,Wagga Wagga,New South Wales
2658,2658,14950,Lockhart,New South Wales
2658,2658,13340,Greater Hume,New South Wales
2659,2659,13340,Greater Hume,New South Wales
2659,2659,14950,Lockhart,New South Wales
2660,2660,13340,Greater Hume,New South Wales
2661,2661,17750,Wagga Wagga,New South Wales
2663,2663,14300,Junee,New South Wales
2665,2665,17350,Temora,New South Wales
2665,2665,10800,Bland,New South Wales
2665,2665,11600,Carrathool,New South Wales
2665,2665,15800,Narrandera,New South Wales
2665,2665,12000,Coolamon,New South Wales
2666,2666,17350,Temora,New South Wales
2666,2666,14300,Junee,New South Wales
2666,2666,13910,Hilltops,New South Wales
2666,2666,10800,Bland,New South Wales
2668,2668,10800,Bland,New South Wales
2668,2668,17350,Temora,New South Wales
2669,2669,11600,Carrathool,New South Wales
2669,2669,14600,Lachlan,New South Wales
2669,2669,10800,Bland,New South Wales
2671,2671,10800,Bland,New South Wales
2671,2671,14600,Lachlan,New South Wales
2671,2671,12900,Forbes,New South Wales
2672,2672,14600,Lachlan,New South Wales
2675,2675,11600,Carrathool,New South Wales
2678,2678,17750,Wagga Wagga,New South Wales
2680,2680,13450,Griffith,New South Wales
2680,2680,11600,Carrathool,New South Wales
2681,2681,13450,Griffith,New South Wales
2681,2681,11600,Carrathool,New South Wales
2700,2700,15800,Narrandera,New South Wales
2700,2700,14750,Leeton,New South Wales
2700,2700,12870,Federation,New South Wales
2701,2701,12000,Coolamon,New South Wales
2702,2702,17750,Wagga Wagga,New South Wales
2702,2702,12000,Coolamon,New South Wales
2703,2703,14750,Leeton,New South Wales
2705,2705,14750,Leeton,New South Wales
2705,2705,15800,Narrandera,New South Wales
2705,2705,13450,Griffith,New South Wales
2706,2706,15560,Murrumbidgee,New South Wales
2707,2707,15560,Murrumbidgee,New South Wales
2710,2710,12730,Edward River,New South Wales
2710,2710,15520,Murray River,New South Wales
2710,2710,15560,Murrumbidgee,New South Wales
2710,2710,13850,Hay,New South Wales
2711,2711,13850,Hay,New South Wales
2711,2711,15560,Murrumbidgee,New South Wales
2711,2711,11600,Carrathool,New South Wales
2711,2711,15520,Murray River,New South Wales
2711,2711,10300,Balranald,New South Wales
2712,2712,10650,Berrigan,New South Wales
2712,2712,15560,Murrumbidgee,New South Wales
2713,2713,10650,Berrigan,New South Wales
2713,2713,15560,Murrumbidgee,New South Wales
2713,2713,12730,Edward River,New South Wales
2714,2714,10650,Berrigan,New South Wales
2714,2714,12730,Edward River,New South Wales
2714,2714,15520,Murray River,New South Wales
2715,2715,10300,Balranald,New South Wales
2715,2715,15520,Murray River,New South Wales
2715,2715,18200,Wentworth,New South Wales
2716,2716,15560,Murrumbidgee,New South Wales
2716,2716,12730,Edward River,New South Wales
2717,2717,18200,Wentworth,New South Wales
2720,2720,17080,Snowy Valleys,New South Wales
2721,2721,10800,Bland,New South Wales
2721,2721,18100,Weddin,New South Wales
2722,2722,12160,Cootamundra-Gundagai,New South Wales
2722,2722,17080,Snowy Valleys,New South Wales
2725,2725,12160,Cootamundra-Gundagai,New South Wales
2725,2725,17350,Temora,New South Wales
2726,2726,13910,Hilltops,New South Wales
2727,2727,12160,Cootamundra-Gundagai,New South Wales
2729,2729,17080,Snowy Valleys,New South Wales
2729,2729,12160,Cootamundra-Gundagai,New South Wales
2730,2730,17080,Snowy Valleys,New South Wales
2731,2731,15520,Murray River,New South Wales
2732,2732,15520,Murray River,New South Wales
2733,2733,15520,Murray River,New South Wales
2733,2733,12730,Edward River,New South Wales
2734,2734,15520,Murray River,New South Wales
2735,2735,15520,Murray River,New South Wales
2736,2736,15520,Murray River,New South Wales
2737,2737,10300,Balranald,New South Wales
2737,2737,18200,Wentworth,New South Wales
2738,2738,18200,Wentworth,New South Wales
2739,2739,18200,Wentworth,New South Wales
2745,2745,16350,Penrith,New South Wales
2745,2745,14900,Liverpool,New South Wales
2745,2745,18400,Wollondilly,New South Wales
2747,2747,16350,Penrith,New South Wales
2747,2747,10750,Blacktown,New South Wales
2748,2748,16350,Penrith,New South Wales
2749,2749,16350,Penrith,New South Wales
2750,2750,16350,Penrith,New South Wales
2752,2752,18400,Wollondilly,New South Wales
2752,2752,14900,Liverpool,New South Wales
2753,2753,13800,Hawkesbury,New South Wales
2753,2753,16350,Penrith,New South Wales
2754,2754,13800,Hawkesbury,New South Wales
2756,2756,13800,Hawkesbury,New South Wales
2756,2756,17420,The Hills,New South Wales
2756,2756,14000,Hornsby,New South Wales
2757,2757,13800,Hawkesbury,New South Wales
2758,2758,13800,Hawkesbury,New South Wales
2758,2758,10900,Blue Mountains,New South Wales
2759,2759,16350,Penrith,New South Wales
2760,2760,16350,Penrith,New South Wales
2760,2760,10750,Blacktown,New South Wales
2761,2761,10750,Blacktown,New South Wales
2762,2762,10750,Blacktown,New South Wales
2763,2763,10750,Blacktown,New South Wales
2765,2765,10750,Blacktown,New South Wales
2765,2765,17420,The Hills,New South Wales
2765,2765,13800,Hawkesbury,New South Wales
2765,2765,16350,Penrith,New South Wales
2766,2766,10750,Blacktown,New South Wales
2767,2767,10750,Blacktown,New South Wales
2768,2768,10750,Blacktown,New South Wales
2769,2769,10750,Blacktown,New South Wales
2770,2770,10750,Blacktown,New South Wales
2773,2773,10900,Blue Mountains,New South Wales
2774,2774,10900,Blue Mountains,New South Wales
2775,2775,14000,Hornsby,New South Wales
2775,2775,13800,Hawkesbury,New South Wales
2775,2775,11650,Central Coast (NSW),New South Wales
2775,2775,17420,The Hills,New South Wales
2776,2776,10900,Blue Mountains,New South Wales
2777,2777,10900,Blue Mountains,New South Wales
2778,2778,10900,Blue Mountains,New South Wales
2779,2779,10900,Blue Mountains,New South Wales
2780,2780,10900,Blue Mountains,New South Wales
2782,2782,10900,Blue Mountains,New South Wales
2783,2783,10900,Blue Mountains,New South Wales
2784,2784,10900,Blue Mountains,New South Wales
2785,2785,10900,Blue Mountains,New South Wales
2785,2785,14870,Lithgow,New South Wales
2786,2786,10900,Blue Mountains,New South Wales
2786,2786,14870,Lithgow,New South Wales
2787,2787,16100,Oberon,New South Wales
2787,2787,10900,Blue Mountains,New South Wales
2787,2787,18400,Wollondilly,New South Wales
2787,2787,10470,Bathurst,New South Wales
2787,2787,14870,Lithgow,New South Wales
2787,2787,17640,Upper Lachlan,New South Wales
2790,2790,14870,Lithgow,New South Wales
2790,2790,16100,Oberon,New South Wales
2791,2791,10850,Blayney,New South Wales
2792,2792,10850,Blayney,New South Wales
2792,2792,12350,Cowra,New South Wales
2793,2793,12350,Cowra,New South Wales
2794,2794,12350,Cowra,New South Wales
2794,2794,18100,Weddin,New South Wales
2794,2794,13910,Hilltops,New South Wales
2795,2795,10470,Bathurst,New South Wales
2795,2795,10850,Blayney,New South Wales
2795,2795,16100,Oberon,New South Wales
2795,2795,11400,Cabonne,New South Wales
2795,2795,14870,Lithgow,New South Wales
2795,2795,15270,Mid-Western,New South Wales
2797,2797,10850,Blayney,New South Wales
2798,2798,10850,Blayney,New South Wales
2798,2798,11400,Cabonne,New South Wales
2798,2798,16150,Orange,New South Wales
2799,2799,10850,Blayney,New South Wales
2799,2799,10470,Bathurst,New South Wales
2799,2799,12350,Cowra,New South Wales
2799,2799,11400,Cabonne,New South Wales
2800,2800,16150,Orange,New South Wales
2800,2800,11400,Cabonne,New South Wales
2800,2800,12390,Dubbo,New South Wales
2800,2800,10850,Blayney,New South Wales
2803,2803,13910,Hilltops,New South Wales
2804,2804,11400,Cabonne,New South Wales
2804,2804,12350,Cowra,New South Wales
2805,2805,12350,Cowra,New South Wales
2805,2805,11400,Cabonne,New South Wales
2806,2806,11400,Cabonne,New South Wales
2806,2806,12900,Forbes,New South Wales
2807,2807,13910,Hilltops,New South Wales
2807,2807,12350,Cowra,New South Wales
2808,2808,12350,Cowra,New South Wales
2808,2808,13910,Hilltops,New South Wales
2809,2809,18100,Weddin,New South Wales
2810,2810,18100,Weddin,New South Wales
2817,2817,12950,Gilgandra,New South Wales
2818,2818,12390,Dubbo,New South Wales
2820,2820,12390,Dubbo,New South Wales
2821,2821,15850,Narromine,New South Wales
2822,2822,12390,Dubbo,New South Wales
2822,2822,12950,Gilgandra,New South Wales
2823,2823,15850,Narromine,New South Wales
2823,2823,17950,Warren,New South Wales
2824,2824,17950,Warren,New South Wales
2825,2825,10950,Bogan,New South Wales
2825,2825,17950,Warren,New South Wales
2826,2826,17950,Warren,New South Wales
2827,2827,12950,Gilgandra,New South Wales
2827,2827,17950,Warren,New South Wales
2828,2828,12150,Coonamble,New South Wales
2828,2828,12950,Gilgandra,New South Wales
2829,2829,12150,Coonamble,New South Wales
2830,2830,12390,Dubbo,New South Wales
2830,2830,12950,Gilgandra,New South Wales
2830,2830,18020,Warrumbungle,New South Wales
2831,2831,11200,Brewarrina,New South Wales
2831,2831,10950,Bogan,New South Wales
2831,2831,17950,Warren,New South Wales
2831,2831,11750,Cobar,New South Wales
2831,2831,12390,Dubbo,New South Wales
2831,2831,17900,Walgett,New South Wales
2831,2831,12150,Coonamble,New South Wales
2831,2831,11150,Bourke,New South Wales
2831,2831,18020,Warrumbungle,New South Wales
2832,2832,17900,Walgett,New South Wales
2833,2833,17900,Walgett,New South Wales
2833,2833,15300,Moree Plains,New South Wales
2834,2834,17900,Walgett,New South Wales
2834,2834,11200,Brewarrina,New South Wales
2835,2835,11750,Cobar,New South Wales
2835,2835,10950,Bogan,New South Wales
2836,2836,11700,Central Darling,New South Wales
2836,2836,19399,Unincorporated NSW,New South Wales
2838,2838,11200,Brewarrina,New South Wales
2839,2839,11200,Brewarrina,New South Wales
2840,2840,11700,Central Darling,New South Wales
2840,2840,11150,Bourke,New South Wales
2840,2840,11750,Cobar,New South Wales
2840,2840,11200,Brewarrina,New South Wales
2840,2840,19399,Unincorporated NSW,New South Wales
2842,2842,18020,Warrumbungle,New South Wales
2842,2842,12950,Gilgandra,New South Wales
2843,2843,18020,Warrumbungle,New South Wales
2844,2844,18020,Warrumbungle,New South Wales
2844,2844,15270,Mid-Western,New South Wales
2845,2845,14870,Lithgow,New South Wales
2846,2846,14870,Lithgow,New South Wales
2847,2847,14870,Lithgow,New South Wales
2848,2848,15270,Mid-Western,New South Wales
2848,2848,14870,Lithgow,New South Wales
2849,2849,15270,Mid-Western,New South Wales
2849,2849,14870,Lithgow,New South Wales
2850,2850,15270,Mid-Western,New South Wales
2850,2850,12390,Dubbo,New South Wales
2850,2850,17620,Upper Hunter,New South Wales
2850,2850,10470,Bathurst,New South Wales
2850,2850,14870,Lithgow,New South Wales
2852,2852,15270,Mid-Western,New South Wales
2852,2852,12390,Dubbo,New South Wales
2864,2864,11400,Cabonne,New South Wales
2865,2865,11400,Cabonne,New South Wales
2866,2866,11400,Cabonne,New South Wales
2866,2866,12390,Dubbo,New South Wales
2867,2867,11400,Cabonne,New South Wales
2867,2867,12390,Dubbo,New South Wales
2868,2868,11400,Cabonne,New South Wales
2868,2868,12390,Dubbo,New South Wales
2869,2869,16200,Parkes,New South Wales
2869,2869,15850,Narromine,New South Wales
2870,2870,16200,Parkes,New South Wales
2870,2870,12900,Forbes,New South Wales
2870,2870,11400,Cabonne,New South Wales
2871,2871,12900,Forbes,New South Wales
2871,2871,14600,Lachlan,New South Wales
2871,2871,18100,Weddin,New South Wales
2873,2873,14600,Lachlan,New South Wales
2873,2873,10950,Bogan,New South Wales
2874,2874,14600,Lachlan,New South Wales
2874,2874,16200,Parkes,New South Wales
2875,2875,12900,Forbes,New South Wales
2875,2875,16200,Parkes,New South Wales
2875,2875,14600,Lachlan,New South Wales
2876,2876,16200,Parkes,New South Wales
2876,2876,12900,Forbes,New South Wales
2877,2877,14600,Lachlan,New South Wales
2877,2877,10950,Bogan,New South Wales
2877,2877,11750,Cobar,New South Wales
2877,2877,12900,Forbes,New South Wales
2878,2878,11700,Central Darling,New South Wales
2878,2878,10300,Balranald,New South Wales
2878,2878,11600,Carrathool,New South Wales
2879,2879,19399,Unincorporated NSW,New South Wales
2879,2879,11700,Central Darling,New South Wales
2880,2880,11250,Broken Hill,New South Wales
2880,2880,19399,Unincorporated NSW,New South Wales
2898,2898,19399,Unincorporated NSW,New South Wales
3644,3644,10650,Berrigan,New South Wales
3691,3691,10050,Albury,New South Wales
3707,3707,17080,Snowy Valleys,New South Wales
4375,4375,17400,Tenterfield,New South Wales
4377,4377,17400,Tenterfield,New South Wales
4380,4380,17400,Tenterfield,New South Wales
4383,4383,17400,Tenterfield,New South Wales
4385,4385,14220,Inverell,New South Wales
9494,No usual address (Aust.),19499,No usual address (NSW),New South Wales
9797,Migratory - Offshore - Shipping (Aust.),19799,Migratory - Offshore - Shipping (NSW),New South Wales
